Following,App,,Yes,Clicking on the awards tab from the career home.,Native,career,awards,awards-home, ,career|awards|awards-home| ,career_awards,FALSE,/career/manage-profile,9518,Player,,https://www.maxpreps.com/careerprofile?careerid=5c75dc7a-e5f4-e211-99e4-002655e6c126&admin=1,,,,,
Following,App - click tracking,,Yes,Opening the actual award/award modal from the awards tab on the career profile,Native,career,awards,awards-modal, ,career|awards|awards-modal| ,career_awards,FALSE,/career/manage-profile,9518,Player,,https://www.maxpreps.com/careerprofile?careerid=5c75dc7a-e5f4-e211-99e4-002655e6c126&admin=1,,,,,
Following,Both,Yes,Yes,"Career profile home - tab is called ""Profile""",Native & Webview,career,career-home,career-home,utility**,career|career-home|career-home|utility**,career_home,FALSE,/career/manage-profile,9518,Player,,https://www.maxpreps.com/careerprofile?careerid=5c75dc7a-e5f4-e211-99e4-002655e6c126&admin=1,,,,,
Following,Both,Yes,Yes,Career profile editting player info/athlete info,Native & Webview,career,career-home,career-manage,utility**,career|career-home|career-manage|utility**,career_home,FALSE,/career/manage-profile,9518,Player,,https://www.maxpreps.com/careerprofile?careerid=5c75dc7a-e5f4-e211-99e4-002655e6c126&admin=1,,,,,
Following,Both,Yes,Yes,Career profile news tab,Native & Webview,career,news,news-home, ,career|news|news-home| ,career_news,FALSE,/career/manage-profile,9518,Player,,https://www.maxpreps.com/careerprofile?careerid=5c75dc7a-e5f4-e211-99e4-002655e6c126&admin=1,,,,,
Following,Both - click tracking,Yes,Yes,Follow and unfollow athletes - we should track this however we track following and unfollowing of teams,Native & Webview,career,career-home,career-follow/unfollow,utility**,career|career-home|career-follow/unfollow|utility**,career_home,FALSE,/career/manage-profile,9518,Player,,https://www.maxpreps.com/careerprofile?careerid=5c75dc7a-e5f4-e211-99e4-002655e6c126&admin=1,,,,,
Following,App,,Yes,Clicking on the photos tab from the career home.,Native,career,photos,photos-home, ,career|photos|photos-home| ,career_photos,FALSE,/career/manage-profile,9518,Player,,https://www.maxpreps.com/careerprofile?careerid=5c75dc7a-e5f4-e211-99e4-002655e6c126&admin=1,,,,,
Following,App,,Yes,Clicking on the stats tab from the career home. When a user clicks through the categories we don't think that should count as a pageview. When a user changes from career to any season or changes sport it should be a new pageview.,Native,career,stats,stats-home, ,career|stats|stats-home| ,career_stats,FALSE,/career/manage-profile,9518,Player,,https://www.maxpreps.com/careerprofile?careerid=5c75dc7a-e5f4-e211-99e4-002655e6c126&admin=1,,,,,
Following,App,,Yes,Career landing page,Native,career,timeline,timeline-home, ,career|timeline|timeline-home| ,career_timeline,FALSE,/career/manage-profile,9518,Player,,https://www.maxpreps.com/careerprofile?careerid=5c75dc7a-e5f4-e211-99e4-002655e6c126&admin=1,,,,,
Following,App,,Yes,Career profile page,Native,career,profile,profile-home, ,career|timeline|timeline-home| ,career_timeline,FALSE,/career/manage-profile,9518,Player,,https://www.maxpreps.com/careerprofile?careerid=5c75dc7a-e5f4-e211-99e4-002655e6c126&admin=1,,,,,
Following,App,,Yes,When you click the video menu/tab,Native,career,video,video-home, ,career|video|video-home| ,career_video,FALSE,,,,,,,,,,
Following,Both,Yes,Yes,Career video watch page,Native,career,video,career-video-watch, ,career|video|career-video-watch| ,career_video,FALSE,,,,,,,,,,
Following,App,,Yes,Career video upload details page,Native,career,video-details,career-video-details,utility,career|video-details|career-video-details|utility,career_video-details,,,,,,,,,,,
,,,,contest,contest-home,,,contest|contest-home||,contest_home,,,,,,,,,,,,,
,,,,contest,live scoring,PBP,utility,contest|live scoring|PBP|utility,contest_live scoring,,,,,,,,,,,,,
,,,,contest,live scoring,in-game,utility,contest|live scoring|in-game|utility,contest_live scoring,,,,,,,,,,,,,
Following,App Only,,Yes,Main following tab,Native,following,following-home,following-home, ,following|following-home|following-home| ,following_home,FALSE,,,,,,,,,,
Following,App Only,,Yes,"Clicking on the edit button from the following tab. Can we tell if people are clicking on ""manage"" vs swiping left to delete a team/athlete they are following",Native,following,following-home,following-manage,utility,following|following-home|following-manage|utility,following_home,FALSE,,,,,,,,,,
,,,,home,home,,,home|home|,home_home,,/national/national.aspx,2000,Concordia,https://www.maxpreps.com,,,,,,,,
,,,,home,playoffs,playoffs,,home|playoffs|playoffs,home_playoffs,,/playoffs/default.aspx,,Concordia,,,,,,,,,
,Web only,,,home,sports,home-sports,,home|sports|home-sports,home_sports,,/search/states-by-sport.aspx,,Concordia,https://www.maxpreps.com/concordia/sports,,concordia_sports,,,,,,
,App Only,Main latest tab,Native,latest,latest-home,latest-home,,latest|latest-home|latest-home,latest_home,,,,,,,,,,,,,
,Both,,,news,article,article,,news|article|article,news_article,,/career/manage-profile,,,,,,,,,,,
,Web,,,news,news-home,news-home,,news|news-home|news-home,news_home,,/career/manage-profile,,,,,,,,,,,
,Web only,,Webview,photography,photography-home,browse,,photography|photography-home|browse,photography_home,,/photo/find_photos.aspx,9519,Photo,https://www.maxpreps.com/photography/browse-galleries,,,,,,,,
,Web only,,Webview,photography,photography-home,search,,photography|photography-home|search,photography_home,,/photo/default.aspx,9521,Photo,https://www.maxpreps.com/photography,,,,,,,,
,Web only,,Webview,photography,photo-gallery,thumbnails,,photography|photo-gallery|thumbnails,photography_photo-gallery,,/photo/thumbnails.aspx,9524,Photo,https://www.maxpreps.com/photography/thumbnails?photogalleryid=d78f0e88-a035-4d3d-96ce-236057d5e044,,,,,,,,
,Web only,,Webview,photography,photo-gallery,photo,,photography|photo-gallery|photo,photography_photo-gallery,,/photo/gallery.aspx,,,https://www.maxpreps.com/photo/gallery.aspx?photogalleryid=d78f0e88-a035-4d3d-96ce-236057d5e044,,,,,,,,
,Web only,,Webview,photography,photographer,application,utility,photography|photographer|application|utility,photography_photographer,,/photo/join_network.aspx,9520,Photo,,https://www.maxpreps.com/photography/join-network,,,,,,,
,Web only,,Webview,photography,photographer,bio,,photography|photographer|bio,photography_photographer,,/photo/photographer.aspx,9522,Photo,https://www.maxpreps.com/photography/photographer/joe+boyd?id=2fe134c4-222c-493b-aef5-a7b42272b589,,,,,,,,
,Web only,,Webview,photography,photographer,list,,photography|photographer|list,photography_photographer,,/photo/photographers.aspx,9523,Photo,https://www.maxpreps.com/photography/photographers,,,,,,,,
,Web only,,Webview,photography,shopping,checkout,,photography|shopping|checkout,photography_shopping,,/shopping/digital/checkout.aspx,9507,,/shopping/digital/checkout.aspx,,,,,,,,
,Web only,,Webview,photography,shopping,total,,photography|shopping|total,photography_shopping,,,9507,,/shopping/digital/total.aspx,,,,,,,,
,Web only,,Webview,photography,shopping,download,,photography|shopping|download,photography_shopping,,,9507,,/shopping/digital/download.aspx,,,,,,,,
Search,Both,Yes,Yes,From a team page click on the school info card or from the membership home clicking on a school under AD Teams,Native,school,school-home,school-home, ,school|school-home|school-home| ,school_home,FALSE,/local/school/home.aspx,6880,School,"https://www.maxpreps.com/high-schools/oak-ridge-trojans-(el-dorado-hills,ca)/home.htm",,,,,,
,,,,scoreboard,,,,scoreboard||,scoreboard_,,,,,,,,,,,,,
,,,,scoreboard,leaderboard,leaderboard-home,,scoreboard|leaderboard|leaderboard-home,scoreboard_leaderboard,,/list/stat_leaders.aspx,,Concordia,https://www.maxpreps.com/football/stat-leaders/,,,,,,,,
,,,,scoreboard,leaderboard,leaderboard-list,,scoreboard|leaderboard|leaderboard-list,scoreboard_leaderboard,,/list/leaderboard_list.aspx,,Concordia,,,,,,,,,
,Web only,,,section-sport,section-sport-home,section-sport-home,,section-sport|section-sport-home|section-sport-home,section-sport_home,,/national/section.aspx,6883,Concordia,https://www.maxpreps.com/section/ca/football/sac-joaquin+section.htm,,,,,,,,
,"Both, if we can change the page name as they use the filters?",,,section-sport,leaderboard,leaderboard-home,,section-sport|leaderboard|leaderboard-home,section-sport_leaderboard,,/list/stat_leaders.aspx,,Concordia,,,,,,,,,
,"Both, if we can change the page name as they use the filters?",,,section-sport,leaderboard,leaderboard-list,,section-sport|leaderboard|leaderboard-list,section-sport_leaderboard,,/list/leaderboard_list.aspx,,Concordia,,,,,,,,,
,Both,clicking on the link to the bracket from the schedule page,,section-sport,playoffs,playoffs,,section-sport|playoffs|playoffs,section-sport_playoffs,,,,,,,,,,,,,
,"Both, if we can change the page name as they use the filters?",,,section-sport,rankings,rankings-home,,section-sport|rankings|rankings-home,section-sport_rankings,,,,,,,,,,,,,
,"Both, if we can change the page name as they use the filters?",,,section-sport,rankings,rankings-list,,section-sport|rankings|rankings-list,section-sport_rankings,,,,,,,,,,,,,
,,,,section-sport,schedule-scores,,,section-sport|schedule-scores|,section-sport_schedule-scores,,,,,,,,,,,,,
,Both,"App arena page (latest news, etc",,sport,sport-home,sport-home,,sport|sport-home|sport-home,sport_home,,/national/national_sport.aspx,6876,Concordia,https://www.maxpreps.com/national/football.htm,,concordia_sport,,,,,,
,Both,,,sport,leaderboard,leaderboard-home,,sport|leaderboard|leaderboard-home,sport_leaderboard,,/list/stat_leaders.aspx,,Concordia,,,,,,,,,
,Both,,,sport,leaderboard,leaderboard-list,,sport|leaderboard|leaderboard-list,sport_leaderboard,,/list/leaderboard_list.aspx,,Concordia,,,,,,,,,
,Web only,,,sport,playoffs,playoffs,,sport|playoffs|playoffs,sport_playoffs,,/playoffs/brackets.aspx,,Concordia,,,,,,,,,
,Both,,,sport,rankings,rankings-home,,sport|rankings|rankings-home,sport_rankings,,,6879,Concordia,https://www.maxpreps.com/rankings/football/1/national.htm,,,,,,,,
,Both,,,sport,rankings,rankings-list,,sport|rankings|rankings-list,sport_rankings,,,6879,Concordia,https://www.maxpreps.com/rankings/football/1/national.htm,,,,,,,,
,,,,sport,schedule-scores,,,sport|schedule-scores|,sport_schedule-scores,,,,,,,,,,,,,
,,,,sport,stat-leaders,,,sport|stat-leaders|,sport_stat-leaders,,,6874,Concordia,"https://www.maxpreps.com/list/stat_leaders.aspx?gendersport=boys,football",,,,,,,,
,Web only,,,state,state-home,state-home,,state|state-home|state-home,state_home,,/national/state.aspx,6882,Concordia,https://www.maxpreps.com/state/california.htm,,,,,,,,
,Does not exist??,,,state,playoffs,playoffs,,state|playoffs|playoffs,state_playoffs,,/playoffs/brackets.aspx,,Concordia,,,,,,,,,
,Web only,,,state-sport,state-sport-home,state-sport-home,,state-sport|state-sport-home|state-sport-home,state-sport_home,,/national/state_sport.aspx,6883,Concordia,https://www.maxpreps.com/state/football/california.htm,,concordia_state-sport,,,,,,
,"Both, if we can change the page name as they use the filters?",,,state-sport,leaderboard,leaderboard-home,,state-sport|leaderboard|leaderboard-home,state-sport_leaderboard,,/list/stat_leaders.aspx,,Concordia,,,,,,,,,
,"Both, if we can change the page name as they use the filters?",,,state-sport,leaderboard,leaderboard-list,,state-sport|leaderboard|leaderboard-list,state-sport_leaderboard,,/list/leaderboard_list.aspx,,Concordia,,,,,,,,,
,Both,clicking on the link to the bracket from the schedule page,,state-sport,playoffs,playoffs,,state-sport|playoffs|playoffs,state-sport_playoffs,,/playoffs/brackets.aspx,,Concordia,,,,,,,,,
,"Both, if we can change the page name as they use the filters?",,,state-sport,rankings,rankings-home,,state-sport|rankings|rankings-home,state-sport_rankings,,,,,,,,,,,,,
,"Both, if we can change the page name as they use the filters?",,,state-sport,rankings,rankings-list,,state-sport|rankings|rankings-list,state-sport_rankings,,,,,,,,,,,,,
,,,,state-sport,rankings,,,state-sport|rankings|,state-sport_rankings,,,6879,Concordia,https://www.maxpreps.com/rankings/football/1/state/california.htm,,,,,,,,
,,,,state-sport,schedule-scores,,,state-sport|schedule-scores|,state-sport_schedule-scores,,,,,,,,,,,,,
,,,,state-sport,stat-leaders,,,state-sport|stat-leaders|,state-sport_stat-leaders,,,6874,Concordia,"https://www.maxpreps.com/list/stat_leaders.aspx?gendersport=boys,football&state=ca",,,,,,,,
Following,Both - click tracking,Yes,Yes,Main articles/news tab from team page,Webview,team,articles,articles-home, ,team|articles|articles-home| ,team_articles,FALSE,/local/team/news.aspx,,,,,,,,,
Following,App only - click tracking,,Yes,Selecting POG - by clicking on player of the game from the edit game page off of the schedule,,team,awards,player-of-the-game,utility,team|awards|player-of-the-game|utility,team_awards,FALSE,,,,,,,,,,
Following,Both,Yes,Yes,Main team page,Native,team,team-home,team-home, ,team|team-home|team-home| ,team_home,FALSE,/local/team/home.aspx,9539,Team,"https://www.maxpreps.com/high-schools/oak-ridge-trojans-(el-dorado-hills,ca)/football/home.htm",,,,,,
Following,Both - click tracking,Yes,Yes,Follow and unfollow teams - we think this is already set up on web so we want to match that,Native,team,team-home,team-follow/unfollow,utility**,team|team-home|team-follow/unfollow|utility**,team_home,FALSE,/local/team/home.aspx,9539,Team,"https://www.maxpreps.com/high-schools/oak-ridge-trojans-(el-dorado-hills,ca)/football/home.htm",,,,,,
Following,App only - click tracking,,Yes,Clicking on the city/state opens up the map options - we could like to see if people are clicking and using the maps,Native,team,team-home,maps, ,team|team-home|maps| ,team_home,FALSE,/local/team/home.aspx,9539,Team,"https://www.maxpreps.com/high-schools/oak-ridge-trojans-(el-dorado-hills,ca)/football/home.htm",,,,,,
Following,Both - click tracking,Yes,Yes,Main photos tab from team page,Webview,team,photography,photo-galleries, ,team|photography|photo-galleries| ,team_photography,FALSE,/local/team/photo_galleries.aspx,9528,Team,"https://www.maxpreps.com/high-schools/oak-ridge-trojans-(el-dorado-hills,ca)/football/photos/galleries.htm",,,,,,
Following,Both - click tracking,Yes,Yes,Main team rankings tab,Webview,team,rankings,rankings-home, ,team|rankings|rankings-home| ,team_rankings,FALSE,/local/team/rankings.aspx,9537,Team,"https://www.maxpreps.com/high-schools/oak-ridge-trojans-(el-dorado-hills,ca)/football/rankings.htm",,,,,,
Following,Both,Yes,Yes,Click the pencil from roster - restoring a deleted athlete and clicking the floating add button,,team,roster,athlete-manage,utility,team|roster|athlete-manage|utility,team_roster,FALSE,/local/team/manage-athlete.aspx,9530,Team,,"https://www.maxpreps.com/high-schools/oak-ridge-trojans-(el-dorado-hills,ca)/football/manage-athlete.htm?admin=1",,,,,
Following,Both,Yes,Yes,Main roster page,Native,team,roster,roster-home,utility**,team|roster|roster-home|utility**,team_roster,FALSE,/local/team/roster.aspx,9531,Team,"https://www.maxpreps.com/high-schools/oak-ridge-trojans-(el-dorado-hills,ca)/football/roster.htm","https://www.maxpreps.com/high-schools/oak-ridge-trojans-(el-dorado-hills,ca)/football/roster.htm?admin=1",,,,,
Following,App only,,Yes,Clicking deleted athletes from the roster,Native,team,roster,roster-deleted,utility,team|roster|roster-deleted|utility,team_roster,FALSE,,,,,,,,,,
Following,App only - click tracking,,Yes,"Click ""upload here"" when there is no photo or ""edit photo"" when there is a photo",Native,team,roster,team-photo,utility,team|roster|team-photo|utility,team_roster,FALSE,,,,,,,,,,
Following,Both,Yes,Yes,click the pencil from the roster or the floating add button,,team,roster,staff-manage,utility,team|roster|staff-manage|utility,team_roster,FALSE,n/a,9536,Team,,"https://www.maxpreps.com/high-schools/oak-ridge-trojans-(el-dorado-hills,ca)/football/manage-staff.htm?admin=1",,,,,
Following,Both ,Yes,Yes,click pencil from schedule - restoring from deleted or clicking the floating add button,,team,schedule,schedule-manage,utility,team|schedule|schedule-manage|utility,team_schedule,FALSE,/local/team/manage-contest.aspx,9533,Team,,"https://www.maxpreps.com/high-schools/oak-ridge-trojans-(el-dorado-hills,ca)/football/manage-contest.htm?admin=1",,,,,
Following,Both ,Yes,Yes,Main schedule page,Native,team,schedule,schedule-home,utility**,team|schedule|schedule-home|utility**,team_schedule,FALSE,/local/team/schedule.aspx,9534,Team,"https://www.maxpreps.com/high-schools/oak-ridge-trojans-(el-dorado-hills,ca)/football/schedule.htm","https://www.maxpreps.com/high-schools/oak-ridge-trojans-(el-dorado-hills,ca)/football/schedule.htm?admin=1",,,,,
Following,App only,,Yes,Click deleted games from the schedule,Native,team,schedule,schedule-deleted,utility,team|schedule|schedule-deleted|utility,team_schedule,FALSE,/local/team/schedule.aspx,9534,Team,"https://www.maxpreps.com/high-schools/oak-ridge-trojans-(el-dorado-hills,ca)/football/schedule.htm","https://www.maxpreps.com/high-schools/oak-ridge-trojans-(el-dorado-hills,ca)/football/schedule.htm?admin=1",,,,,
Following,App only - click tracking,,Yes,Click the calendar sync in the upper right of the schedule page,Native,team,schedule,calendar-sync,utility,team|schedule|calendar-sync|utility,team_schedule,FALSE,,,,,,,,,,
Following,Both - click tracking,Yes,Yes,"Click ""games need attention"" dropdown and then any of the links that are in the box",,team,schedule,games-needs-attention,utility,team|schedule|games-needs-attention|utility,team_schedule,FALSE,,,,,,,,,,
Following,Both,Yes,Yes,"Click on ""enter score"" or on the actual score from the schedule page OR click on ""add score"" from the games need attention drop down to get to the box score page",,team,schedule,score-manage,utility**,team|schedule|score-manage|utility**,team_schedule,FALSE,,,,,,,,,,
Following,Both - click tracking,Yes,Yes,Main team standings tab,Webview,team,standings,standings-home, ,team|standings|standings-home| ,team_standings,FALSE,/local/team/standings.aspx,9538,Team,"https://www.maxpreps.com/high-schools/oak-ridge-trojans-(el-dorado-hills,ca)/football/standings.htm",,,,,,
Following,Both - click tracking,Yes,Yes,Main stats tab from team page,Webview,team,stats,team-stats-home, ,team|stats|team-stats-home| ,team_stats,FALSE,/local/team/stats.aspx,,,,,,,,,
Following,App only,,Yes,Click on enter stats or stats entered and get to the list of player names,Native,team,stats,stats-manage,utility,team|stats|stats-manage|utility,team_stats,FALSE,,,,,,,,,,
Following,Built on web - but only used in app - click tracking,,Yes,Stats Totals tab,Webview,team,stats,stats-manage-totals,utility,team|stats|stats-manage-totals|utility,team_stats,FALSE,,,,,,,,,,
Following,Built on web - but only used in app - click tracking,,Yes,Individual player stat entry page,Webview,team,stats,stats-manage-players,utility,team|stats|stats-manage-players|utility,team_stats,FALSE,,,,,,,,,,
Following,Both,Yes,Yes,"Click on ""add stats"" from the games need attention drop down",Native,team,stats,missing-stats,utility,team|stats|missing-stats|utility,team_stats,FALSE,,,,,,,,,,
Following,Both,Yes,Yes,Main video tab from the team page,Webview,team,videos,videos-home, ,team|videos|videos-home| ,team_videos,FALSE,/local/team/videos.aspx,,,,,,,,,
Following,Both,Yes,Yes,Team video watch page,Native,team,video,team-video-watch, ,team|video|team-video-watch| ,team_video,,,,,,,,,,,
Following,App,,Yes,Team video upload details page,Native,team,video-details,team-video-details,utility,team|video-details|team-video-details|utility,team_video-details,,,,,,,,,,,
Latest,App Only,,Yes,Main latest tab,Native,latest,latest-home,latest-home, ,latest|latest-home|latest-home| ,latest_home,FALSE,,,,,,,,,,
Latest,App Only,,Yes,Main latest tab,Native,sport,sport-playoffs,sport-playoffs, ,sport|sport-playoffs|sport-playoffs| ,sport_sport-playoffs,FALSE,,,,,,,,,,
Latest,Both,Yes,Yes,App arena page - latest news - etc,Native & Webview,sport,sport-home,sport-home, ,sport|sport-home|sport-home| ,sport_home,FALSE,/national/national_sport.aspx,6876,Concordia,https://www.maxpreps.com/national/football.htm,,concordia_sport,,,,
Latest,Both,Yes,Yes,From the sport arena page clicking on stats - it defaults to player,Native & Webview,leaderboard,leaderboard-home,player-stat, ,leaderboard|leaderboard-home|player-stat| ,leaderboard_home,FALSE,/list/stat_leaders.aspx,,Concordia,,,,,,,
Latest,Both,Yes,Yes,From the sport arena page clicking on stats. clicking over to team,Native & Webview,leaderboard,leaderboard-home,team-stat, ,leaderboard|leaderboard-home|team-stat| ,leaderboard_home,FALSE,/list/stat_leaders.aspx,,Concordia,,,,,,,
Latest,App Only - click tracking,,Yes,From the sport arena page clicking on the stats filter,Native,leaderboard,leaderboard-filter,leaderboard-filter, ,leaderboard|leaderboard-filter|leaderboard-filter| ,leaderboard_leaderboard-filter,FALSE,/list/stat_leaders.aspx,,Concordia,,,,,,,
Latest,Both,Yes,Yes,From the sport arena page clicking on rankings,Native and Webview,rankings,rankings-home,team-rankings, ,rankings|rankings-home|team-rankings| ,rankings_home,FALSE,,6879,Concordia,https://www.maxpreps.com/rankings/football/1/national.htm,,,,,,
Latest,App Only - click tracking,,Yes,From the sport arena page clicking on the rankings filter,Native,rankings,rankings-filter,rankings-filter, ,rankings|rankings-filter|rankings-filter| ,rankings_rankings-filter,FALSE,/list/stat_leaders.aspx,,Concordia,,,,,,,
Latest,App Only,,Yes,Clicking on a video thumbnail from the latest tab or a sports arena page - it opens the video and the list of related videos,Native,latest,video,video-watch, ,latest|video|video-watch| ,latest_video,FALSE,,,,,,,,,,
Search,App only,,Yes,"Clicking on the search icon in the upper right corner of the app or clicking on ""get started"". Can we see the difference of people clicking on the nearby teams vs using the search to find their school and can we see what they are typing in the search box?",Native,search,search-home,search-teams, ,search|search-home|search-teams| ,search,FALSE,,,,,,,,,,
Search,App only,,Yes,Team search results page,Native,search,search-results,search-teams-results, ,search|search-results|search-teams-results| ,search,FALSE,,,,,,,,,,
Search,App only,,Yes,"clicking on the search icon in the upper right corner of the app and clicking to the athlete search OR clicking the ""add athlete"" pill at the top of the following page OR clicking ""find child"" in the ""my children"" section on the membership homepage OR after registration getting the to the athlete search to claim",Native,search,search-home,search-athletes, ,search|search-home|search-athletes| ,search,FALSE,,,,,,,,,,
Search,App only,,Yes,Athlete search results page,Native,search,search-results,search-athletes-results, ,search|search-results|search-athletes-results| ,search,FALSE,,,,,,,,,,
Scores,App Only,,Yes,Main scores tab,App only ,score ,score-home,score-home, ,score|score-home|score-home| ,score _home,FALSE,,,,,,,,,,
Scores,Both,Yes,Yes,Viewing a scoreboard,Native,score ,scoreboard,scoreboard, ,score|scoreboard|scoreboard| ,score _scoreboard,FALSE,,,,,,,,,,
,Both,Yes,,"Clicking ""report score"" - do we need to do anything on our side to track this in our database??",,,,, ,FALSE,,FALSE,,,,,,,,,,
Scores,App Only - click tracking,,Yes,Clicking add scoreboard,Native,score,scoreboard-add,scoreboard-add, ,score |scoreboard-add|scoreboard-add| ,score _scoreboard-add,FALSE,,,,,,,,,,
,Live score tracking,,,"We want to know where people are signing up to live score & if they are live scoring in the app. Places to sign up for live scoring within the app: - clicking through the live score call out on the main scores tab (under the upciming game) you get taken to the contest page to sign up, - clicking through the team schedule page to the contest page to sign up",,,,, ,,,FALSE,,,,,,,,,,
Membership,Both,Yes,Yes,When clicking on your picture in the upper left of the app,Native & Webview,membership,membership-home,membership-home, ,membership|membership-home|membership-home| ,membership ,FALSE,,,,,,,,,,
Membership,App only (web these are all on the same page),,Yes,Account info page - roll - email - name - etc,Native,membership,personal-info,personal-info-home, ,membership|personal-info|personal-info-home| ,membership ,FALSE,,,,,,,,,,
Membership,App only  ,,Yes,Updating email address from account info page,Native,membership,personal-info,update-email, ,membership|personal-info|update-email| ,membership ,FALSE,,,,,,,,,,
Membership,App only,,Yes,Updating password from account info page,Native,membership,personal-info,update-password, ,membership|personal-info|update-password| ,membership ,FALSE,,,,,,,,,,
Membership,App only,,Yes,Notifiction home,Native,membership,notifications,notifications-home, ,membership|notifications|notifications-home| ,membership ,FALSE,,,,,,,,,,
Membership,App only,,Yes,Setting the notification toggles for teams - players you are following,Native,membership,notifications,notifications-manage, ,membership|notifications|notifications-manage| ,membership ,FALSE,,,,,,,,,,
System,App only,,Yes,Clicking on settings from the membership page OR when the user is not logged in this is the landing page when the gear icon is clicked in the upper left,Native,system,app-settings,app-settings, ,system|app-settings|app-settings| ,system_app-settings,FALSE,,,,,,,,,,
System,App only,,Yes,Currently under the settings page - these exist if you are logged in or not,Native,system,video-settings,video-settings, ,system|video-settings|video-settings| ,system_video-settings,FALSE,,,,,,,,,,
Membership,App only,,Yes,Currently under the settings page - these exist if you are logged in or not,Native,system,update-schools,update-schools, ,system|update-schools|update-schools| ,system_update-schools,FALSE,,,,,,,,,,
Membership,App only,,Yes,Delete my account page,Native,membership,legal,delete-my-account, ,membership|legal|delete-my-account| ,membership ,FALSE,,,,,,,,,,
Membership,App only - click tracking,,Yes,Clicking sign out,Native,membership,membership-home,sign-out, ,membership|membership-home|sign-out| ,membership ,FALSE,,,,,,,,,,
Membership,App only,,Yes,Viewing a profile for a coach - statisticion - etc but not a player/career page,Native,membership,membership-home,profile-home, ,membership|membership-home|profile-home| ,membership ,FALSE,,,,,,,,,,
Membership,App only,,Yes,Editting profiles for coach - statisticion - eventually others,Native,membership,membership-home,profile-manage, ,membership|membership-home|profile-manage| ,membership ,FALSE,,,,,,,,,,
System,App only,,Yes,White splash screen,Native,system,launch-app,splash, ,system|launch-app|splash| ,system_launch-app,FALSE,,,,,,,,,,
Membership,Both,Yes,Yes,Landing page - Sign In Join Now page - black page w/ images,Native & Webview,membership,membership-home,membership-landing, ,membership|membership-home|membership-landing| ,membership ,FALSE,,,,,,,,,,
Membership,App only,,Yes,Sign In page - white - you get here after clicking from the landing page,Native,membership,membership-home,membership-sign-in, ,membership|membership-home|membership-sign-in| ,membership ,FALSE,,,,,,,,,,
Membership,Both,Yes,Yes,Reset password page,Native & Webview,membership,registration,reset-password, ,membership|registration|reset-password| ,membership_registration,FALSE,,,,,,,,,,
Membership,App only,,Yes,first page in registration flow after clicking join now - What is your email,Native,membership,registration,email, ,membership|registration|email| ,membership_registration,FALSE,,,,,,,,,,
Membership,App only,,Yes,Registration - password,Native,membership,registration,password, ,membership|registration|password| ,membership_registration,FALSE,,,,,,,,,,
Membership,App only,,Yes,Registration - name,Native,membership,registration,name, ,membership|registration|name| ,membership_registration,FALSE,,,,,,,,,,
Membership,App only,,Yes,Registration - birthday,Native,membership,registration,birthday, ,membership|registration|birthday| ,membership_registration,FALSE,,,,,,,,,,
Membership,App only,,Yes,Registration - gender,Native,membership,registration,gender, ,membership|registration|gender| ,membership_registration,FALSE,,,,,,,,,,
Membership,App only,,Yes,Registration - zip code,Native,membership,registration,zip-code, ,membership|registration|zip-code| ,membership_registration,FALSE,,,,,,,,,,
Membership,App only,,Yes,Registration - role - marketing opt-ins,Native,membership,registration,role, ,membership|registration|role| ,membership_registration,FALSE,,,,,,,,,,
Membership,App only,,Yes,Claim my profile/Get linked to an athlete,Native,membership,claim,claim-home, ,membership|claim|claim-home| ,membership_claim,FALSE,,,,,,,,,,
Membership,App Only - click tracking,,Yes,Claim this profile? pop up (3 places: onboarding - profile - career),Native,membership,claim,claim-pop-up, ,membership|claim|claim-pop-up| ,membership_claim,FALSE,,,,,,,,,,
Membership,App Only - click tracking,,Yes,Claiming error message pop ups (3 places: onboarding - profile - career),Native,membership,claim,claim-pop-up-error, ,membership|claim|claim-pop-up-error| ,membership_claim,FALSE,,,,,,,,,,
Membership,App only,,Yes,Claim success page,Native,membership,claim,claim-success, ,membership|claim|claim-success| ,membership_claim,FALSE,,,,,,,,,,
Membership,Both,Yes,Yes,Request Admin Access - head coach - assistant coach - statistician,Native,membership,access-home,select-role, ,membership|access-home|select-role| ,membership_access,FALSE,,,,,,,,,,
Membership,Both,Yes,Yes,Request Admin Access - You're all set,Native,membership,coach-access,auto-access, ,membership|coach-access|auto-access| ,membership_access,FALSE,,,,,,,,,,
Membership,Both,Yes,Yes,Request Admin Access - Request sent,Native,membership,coach-access,coach-request-sent, ,membership|coach-access|coach-request-sent| ,membership_access,FALSE,,,,,,,,,,
Membership,Both,Yes,Yes,Request Admin Access - Team already has a coach,Native,membership,coach-access,no-access, ,membership|coach-access|no-access| ,membership_access,FALSE,,,,,,,,,,
Membership,Both,Yes,Yes,Request Statisician Access,Native,membership,statistician-access,access-statistician, ,membership|statistician-access|access-statistician| ,membership_access,FALSE,,,,,,,,,,
Membership,Both,Yes,Yes,Request Statisician Access - pick a coach,Native,membership,statistician-access,select-coach, ,membership|statistician-access|select-coach| ,membership_access,FALSE,,,,,,,,,,
Membership,Both,Yes,Yes,Request Statisician Access - add your message,Native,membership,statistician-access,message-coach, ,membership|statistician-access|message-coach| ,membership_access,FALSE,,,,,,,,,,
Membership,Both,Yes,Yes,Request Statisician Access - request sent,Native,membership,statistician-access,statistician-request-sent, ,membership|statistician-access|statistician-request-sent| ,membership_access,FALSE,,,,,,,,,,
,App only - funnel,,,We want to know where we are losing people in the registraion flow - if people are skipping claim my profile or clicking the red button to continue claiming,Native,,,,,FALSE,,FALSE,,,,,,,,,,
Membership,App only - click tracking,,Yes,membership - contributions - are people expanding this section,Native,membership,membership-home,contributions, ,membership|membership-home|contributions| ,membership ,FALSE,,,,,,,,,,
Membership,App,,Yes,membership submitted videos,Native,membership,videos,contributions-videos,utility,membership|videos|contributions-videos|utility,membership_videos,,,,,,,,,,,
Membership,App only - click tracking,,Yes,membership - edit photo - can we track if a new photo is added or one is deleted?,Native,membership,membership-home,update-image, ,membership|membership-home|update-image| ,membership ,FALSE,,,,,,,,,,
,App Only,,Yes,Latest tab shorts,Native,latest,vertical-video,shorts,,latest|vertical-video|shorts|,latest_vertical-video,,,,,,,,,,,,,
